slug,provider,actionButtons,plan,nodeType,chain,accessPrice,queryPrice,verifiedUptime,verifiedLatency,verifiedBlocksBehindAvg,uptimeSla,bandwidthSla,blocksBehindSla,starred,trial,availableApis,limitations,securityImprovements,monitoringAndAnalytics,regions,address
1rpc-one-public-recent-state,!provider:1rpc-public-recent-state,"[""[Website](https://www.1rpc.io/)"",""[Docs](https://docs.1rpc.io/using-the-web3-api/networks)""]",Free,Recent State,one,$0,Free,,,,,,,,,,,,,,,,
1rpc-one-free-recent-state,!provider:1rpc-free-recent-state,"[""[Website](https://www.1rpc.io/)"",""[Docs](https://docs.1rpc.io/using-the-web3-api/networks)""]",Free,Recent State,one,$0,Free,,,,,,,,,,,,,,,,
1rpc-one-pay-as-you-go-recent-state,!provider:1rpc-pay-as-you-go-recent-state,"[""[Buy](https://www.1rpc.io/#pricing)"",""[Docs](https://docs.1rpc.io/using-the-web3-api/networks)""]",Pay-as-you-go,Recent State,one,$0,Usage Based,,,,,,,,,,,,,,,,
1rpc-one-enterprise-recent-state,!provider:1rpc-enterprise-recent-state,"[""[Contact](https://www.1rpc.io/#pricing)"",""[Docs](https://docs.1rpc.io/using-the-web3-api/networks)""]",Enterprise,Recent State,one,Custom,Custom,,,,,,,,,,,,,,,,
alchemy-one-free-recent-state,!provider:alchemy-free-recent-state,"[""[Website](https://www.alchemy.com/arbitrum)"",""[Docs](https://www.alchemy.com/docs/reference/arbitrum-api-quickstart)""]",Free,Recent State,one,$0,30M CUs/mo Free,,,,,,,,,,,,,,,,
alchemy-one-pay-as-you-go-recent-state,!provider:alchemy-pay-as-you-go-recent-state,"[""[Buy](https://www.alchemy.com/pricing)"",""[Docs](https://www.alchemy.com/docs/reference/arbitrum-api-quickstart)""]",Pay-as-you-go,Recent State,one,$0,$0.45 / 1M CUs,,,,,,,,,,,,,,,,
alchemy-one-enterprise-recent-state,!provider:alchemy-enterprise-recent-state,"[""[Contact](https://www.alchemy.com/contact-sales)"",""[Docs](https://www.alchemy.com/docs/reference/arbitrum-api-quickstart)""]",Enterprise,Recent State,one,Custom,Custom,,,,,,,,,,,,,,,,
alchemy-nova-free-recent-state,!provider:alchemy-free-recent-state,"[""[Website](https://www.alchemy.com/arbitrum-nova)"",""[Docs](https://www.alchemy.com/docs/reference/arbitrum-api-quickstart)""]",Free,Recent State,nova,$0,30M CUs/mo Free,,,,,,,,,,,,,,,,
alchemy-nova-pay-as-you-go-recent-state,!provider:alchemy-pay-as-you-go-recent-state,"[""[Buy](https://www.alchemy.com/pricing)"",""[Docs](https://www.alchemy.com/docs/reference/arbitrum-api-quickstart)""]",Pay-as-you-go,Recent State,nova,$0,$0.45 / 1M CUs,,,,,,,,,,,,,,,,
alchemy-nova-enterprise-recent-state,!provider:alchemy-enterprise-recent-state,"[""[Contact](https://www.alchemy.com/contact-sales)"",""[Docs](https://www.alchemy.com/docs/reference/arbitrum-api-quickstart)""]",Enterprise,Recent State,nova,Custom,Custom,,,,,,,,,,,,,,,,
alchemy-sepolia-free-recent-state,!provider:alchemy-free-recent-state,"[""[Website](https://www.alchemy.com/arbitrum)"",""[Docs](https://www.alchemy.com/docs/reference/arbitrum-api-quickstart)""]",Free,Recent State,sepolia,$0,30M CUs/mo Free,,,,,,,,,,,,,,,,
alchemy-sepolia-pay-as-you-go-recent-state,!provider:alchemy-pay-as-you-go-recent-state,"[""[Buy](https://www.alchemy.com/pricing)"",""[Docs](https://www.alchemy.com/docs/reference/arbitrum-api-quickstart)""]",Pay-as-you-go,Recent State,sepolia,$0,$0.45 / 1M CUs,,,,,,,,,,,,,,,,
alchemy-sepolia-enterprise-recent-state,!provider:alchemy-enterprise-recent-state,"[""[Contact](https://www.alchemy.com/contact-sales)"",""[Docs](https://www.alchemy.com/docs/reference/arbitrum-api-quickstart)""]",Enterprise,Recent State,sepolia,Custom,Custom,,,,,,,,,,,,,,,,
alchemy-one-free-full-archive,!provider:alchemy-free-full-archive,"[""[Website](https://www.alchemy.com/arbitrum)"",""[Docs](https://www.alchemy.com/docs/reference/arbitrum-api-quickstart)""]",Free,Archive,one,$0,30M CUs/mo Free,,,,,,,,,,,,,,,,
alchemy-one-pay-as-you-go-full-archive,!provider:alchemy-pay-as-you-go-full-archive,"[""[Buy](https://www.alchemy.com/pricing)"",""[Docs](https://www.alchemy.com/docs/reference/arbitrum-api-quickstart)""]",Pay-as-you-go,Archive,one,$0,$0.45 / 1M CUs,,,,,,,,,,,,,,,,
alchemy-one-enterprise-full-archive,!provider:alchemy-enterprise-full-archive,"[""[Contact](https://www.alchemy.com/contact-sales)"",""[Docs](https://www.alchemy.com/docs/reference/arbitrum-api-quickstart)""]",Enterprise,Archive,one,Custom,Custom,,,,,,,,,,,,,,,,
alchemy-nova-free-full-archive,!provider:alchemy-free-full-archive,"[""[Website](https://www.alchemy.com/arbitrum)"",""[Docs](https://www.alchemy.com/docs/reference/arbitrum-api-quickstart)""]",Free,Archive,nova,$0,30M CUs/mo Free,,,,,,,,,,,,,,,,
alchemy-nova-pay-as-you-go-full-archive,!provider:alchemy-pay-as-you-go-full-archive,"[""[Buy](https://www.alchemy.com/pricing)"",""[Docs](https://www.alchemy.com/docs/reference/arbitrum-api-quickstart)""]",Pay-as-you-go,Archive,nova,$0,$0.45 / 1M CUs,,,,,,,,,,,,,,,,
alchemy-nova-enterprise-full-archive,!provider:alchemy-enterprise-full-archive,"[""[Contact](https://www.alchemy.com/contact-sales)"",""[Docs](https://www.alchemy.com/docs/reference/arbitrum-api-quickstart)""]",Enterprise,Archive,nova,Custom,Custom,,,,,,,,,,,,,,,,
alchemy-sepolia-free-full-archive,!provider:alchemy-free-full-archive,"[""[Website](https://www.alchemy.com/arbitrum)"",""[Docs](https://www.alchemy.com/docs/reference/arbitrum-api-quickstart)""]",Free,Archive,sepolia,$0,30M CUs/mo Free,,,,,,,,,,,,,,,,
alchemy-sepolia-pay-as-you-go-full-archive,!provider:alchemy-pay-as-you-go-full-archive,"[""[Buy](https://www.alchemy.com/pricing)"",""[Docs](https://www.alchemy.com/docs/reference/arbitrum-api-quickstart)""]",Pay-as-you-go,Archive,sepolia,$0,$0.45 / 1M CUs,,,,,,,,,,,,,,,,
alchemy-sepolia-enterprise-full-archive,!provider:alchemy-enterprise-full-archive,"[""[Contact](https://www.alchemy.com/contact-sales)"",""[Docs](https://www.alchemy.com/docs/reference/arbitrum-api-quickstart)""]",Enterprise,Archive,sepolia,Custom,Custom,,,,,,,,,,,,,,,,
allthatnode-one-free-full-archive,!provider:allthatnode-free-full-archive,"[""[Website](https://www.allthatnode.com/protocol/arbitrum.dsrv)"",""[Docs](https://docs.allthatnode.com/docs/welcome-to-all-that-node)""]",Free,Archive,one,$0,500K CUs/day Free,,,,,,,,,,,,,,,,
allthatnode-one-pay-as-you-go-full-archive,!provider:allthatnode-pay-as-you-go-full-archive,"[""[Buy](https://www.allthatnode.com/pricing.dsrv)"",""[Docs](https://docs.allthatnode.com/docs/welcome-to-all-that-node)""]",Pay-as-you-go,Archive,one,$29,$0.58 / 1M CUs,,,,,,,,,,,,,,,,
allthatnode-one-enterprise-full-archive,!provider:allthatnode-enterprise-full-archive,"[""[Contact](https://www.allthatnode.com/pricing.dsrv)"",""[Docs](https://docs.allthatnode.com/docs/welcome-to-all-that-node)""]",Enterprise,Archive,one,Custom,Custom,,,,,,,,,,,,,,,,
allthatnode-nova-free-full-archive,!provider:allthatnode-free-full-archive,"[""[Website](https://www.allthatnode.com/protocol/nova.dsrv)"",""[Docs](https://docs.allthatnode.com/docs/welcome-to-all-that-node)""]",Free,Archive,nova,$0,500K CUs/day Free,,,,,,,,,,,,,,,,
allthatnode-nova-pay-as-you-go-full-archive,!provider:allthatnode-pay-as-you-go-full-archive,"[""[Buy](https://www.allthatnode.com/pricing.dsrv)"",""[Docs](https://docs.allthatnode.com/docs/welcome-to-all-that-node)""]",Pay-as-you-go,Archive,nova,$29,$0.58 / 1M CUs,,,,,,,,,,,,,,,,
allthatnode-nova-enterprise-full-archive,!provider:allthatnode-enterprise-full-archive,"[""[Contact](https://www.allthatnode.com/pricing.dsrv)"",""[Docs](https://docs.allthatnode.com/docs/welcome-to-all-that-node)""]",Enterprise,Archive,nova,Custom,Custom,,,,,,,,,,,,,,,,
allthatnode-sepolia-free-full-archive,!provider:allthatnode-free-full-archive,"[""[Website](https://www.alchemy.com/arbitrum)"",""[Docs](https://www.alchemy.com/docs/reference/arbitrum-api-quickstart)""]",Free,Archive,sepolia,$0,500K CUs/day Free,,,,,,,,,,,,,,,,
allthatnode-sepolia-pay-as-you-go-full-archive,!provider:allthatnode-pay-as-you-go-full-archive,"[""[Buy](https://www.alchemy.com/pricing)"",""[Docs](https://www.alchemy.com/docs/reference/arbitrum-api-quickstart)""]",Pay-as-you-go,Archive,sepolia,$29,$0.58 / 1M CUs,,,,,,,,,,,,,,,,
allthatnode-sepolia-enterprise-full-archive,!provider:allthatnode-enterprise-full-archive,"[""[Contact](https://www.alchemy.com/contact-sales)"",""[Docs](https://www.alchemy.com/docs/reference/arbitrum-api-quickstart)""]",Enterprise,Archive,sepolia,Custom,Custom,,,,,,,,,,,,,,,,
ankr-one-free-full-archive,!provider:ankr-free-full-archive,"[""[Website](https://www.ankr.com/web3-api/chains-list/arbitrum/)"",""[Docs](https://www.ankr.com/docs/rpc-service/chains/chains-list/#arbitrum)""]",Free,Archive,one,$0,Free,,,,,,,,,,,,,,,,
ankr-one-pay-as-you-go-full-archive,!provider:ankr-pay-as-you-go-full-archive,"[""[Buy](https://www.ankr.com/web3-api/chains-list/arbitrum/)"",""[Docs](https://www.ankr.com/docs/rpc-service/chains/chains-list/#arbitrum)""]",Pay-as-you-go,Archive,one,$0,$0.00002 / req,,,,,,,,,,,,,,,,
ankr-one-enterprise-full-archive,!provider:ankr-enterprise-full-archive,"[""[Contact](https://meetings-eu1.hubspot.com/arsalan-evini/?uuid=455e1b8b-8336-4969-8777-0296ea21e356)"",""[Docs](https://www.ankr.com/docs/rpc-service/chains/chains-list/#arbitrum)""]",Enterprise,Archive,one,Custom,Custom,,,,,,,,,,,,,,,,
ankr-nova-free-full-archive,!provider:ankr-free-full-archive,"[""[Website](https://www.ankr.com/web3-api/chains-list/arbitrumnova/)"",""[Docs](https://www.ankr.com/docs/rpc-service/chains/chains-api/arbitrum-nova/)""]",Free,Archive,nova,$0,Free,,,,,,,,,,,,,,,,
ankr-nova-pay-as-you-go-full-archive,!provider:ankr-pay-as-you-go-full-archive,"[""[Buy](https://www.ankr.com/web3-api/chains-list/arbitrum/)"",""[Docs](https://www.ankr.com/docs/rpc-service/chains/chains-api/arbitrum-nova/)""]",Pay-as-you-go,Archive,nova,$0,$0.00002 / req,,,,,,,,,,,,,,,,
ankr-nova-enterprise-full-archive,!provider:ankr-enterprise-full-archive,"[""[Contact](https://meetings-eu1.hubspot.com/arsalan-evini/?uuid=455e1b8b-8336-4969-8777-0296ea21e356)"",""[Docs](https://www.ankr.com/docs/rpc-service/chains/chains-api/arbitrum-nova/)""]",Enterprise,Archive,nova,Custom,Custom,,,,,,,,,,,,,,,,
ankr-sepolia-free-full-archive,!provider:ankr-free-full-archive,"[""[Website](https://www.ankr.com/web3-api/chains-list/arbitrum/)"",""[Docs](https://www.ankr.com/docs/rpc-service/chains/chains-list/#arbitrum)""]",Free,Archive,sepolia,$0,Free,,,,,,,,,,,,,,,,
ankr-sepolia-pay-as-you-go-full-archive,!provider:ankr-pay-as-you-go-full-archive,"[""[Buy](https://www.ankr.com/web3-api/chains-list/arbitrum/)"",""[Docs](https://www.ankr.com/docs/rpc-service/chains/chains-list/#arbitrum)""]",Pay-as-you-go,Archive,sepolia,$0,$0.00002 / req,,,,,,,,,,,,,,,,
ankr-sepolia-enterprise-full-archive,!provider:ankr-enterprise-full-archive,"[""[Contact](https://meetings-eu1.hubspot.com/arsalan-evini/?uuid=455e1b8b-8336-4969-8777-0296ea21e356)"",""[Docs](https://www.ankr.com/docs/rpc-service/chains/chains-list/#arbitrum)""]",Enterprise,Archive,sepolia,Custom,Custom,,,,,,,,,,,,,,,,
ankr-one-free-recent-state,!provider:ankr-free-recent-state,"[""[Website](https://www.ankr.com/web3-api/chains-list/arbitrum/)"",""[Docs](https://www.ankr.com/docs/rpc-service/chains/chains-list/#arbitrum)""]",Free,Recent State,one,$0,Free,,,,,,,,,,,,,,,,
ankr-one-pay-as-you-go-recent-state,!provider:ankr-pay-as-you-go-recent-state,"[""[Buy](https://www.ankr.com/web3-api/chains-list/arbitrum/)"",""[Docs](https://www.ankr.com/docs/rpc-service/chains/chains-list/#arbitrum)""]",Pay-as-you-go,Recent State,one,$0,$0.00002 / req,,,,,,,,,,,,,,,,
ankr-one-enterprise-recent-state,!provider:ankr-enterprise-recent-state,"[""[Contact](https://meetings-eu1.hubspot.com/arsalan-evini/?uuid=455e1b8b-8336-4969-8777-0296ea21e356)"",""[Docs](https://www.ankr.com/docs/rpc-service/chains/chains-list/#arbitrum)""]",Enterprise,Recent State,one,Custom,Custom,,,,,,,,,,,,,,,,
ankr-nova-free-recent-state,!provider:ankr-free-recent-state,"[""[Website](https://www.ankr.com/web3-api/chains-list/arbitrum/)"",""[Docs](https://www.ankr.com/docs/rpc-service/chains/chains-api/arbitrum-nova/)""]",Free,Recent State,nova,$0,Free,,,,,,,,,,,,,,,,
ankr-nova-pay-as-you-go-recent-state,!provider:ankr-pay-as-you-go-recent-state,"[""[Buy](https://www.ankr.com/web3-api/chains-list/arbitrum/)"",""[Docs](https://www.ankr.com/docs/rpc-service/chains/chains-api/arbitrum-nova/)""]",Pay-as-you-go,Recent State,nova,$0,$0.00002 / req,,,,,,,,,,,,,,,,
ankr-nova-enterprise-recent-state,!provider:ankr-enterprise-recent-state,"[""[Contact](https://meetings-eu1.hubspot.com/arsalan-evini/?uuid=455e1b8b-8336-4969-8777-0296ea21e356)"",""[Docs](https://www.ankr.com/docs/rpc-service/chains/chains-api/arbitrum-nova/)""]",Enterprise,Recent State,nova,Custom,Custom,,,,,,,,,,,,,,,,
ankr-sepolia-free-recent-state,!provider:ankr-free-recent-state,"[""[Website](https://www.ankr.com/web3-api/chains-list/arbitrum/)"",""[Docs](https://www.ankr.com/docs/rpc-service/chains/chains-list/#arbitrum)""]",Free,Recent State,sepolia,$0,Free,,,,,,,,,,,,,,,,
ankr-sepolia-pay-as-you-go-recent-state,!provider:ankr-pay-as-you-go-recent-state,"[""[Buy](https://www.ankr.com/web3-api/chains-list/arbitrum/)"",""[Docs](https://www.ankr.com/docs/rpc-service/chains/chains-list/#arbitrum)""]",Pay-as-you-go,Recent State,sepolia,$0,$0.00002 / req,,,,,,,,,,,,,,,,
ankr-sepolia-enterprise-recent-state,!provider:ankr-enterprise-recent-state,"[""[Contact](https://meetings-eu1.hubspot.com/arsalan-evini/?uuid=455e1b8b-8336-4969-8777-0296ea21e356)"",""[Docs](https://www.ankr.com/docs/rpc-service/chains/chains-list/#arbitrum)""]",Enterprise,Recent State,sepolia,Custom,Custom,,,,,,,,,,,,,,,,
blockdaemon-one-free-recent-state,!provider:blockdaemon-free-recent-state,"[""[Website](https://www.blockdaemon.com/arbitrum)"",""[Docs](https://docs.blockdaemon.com/docs/arbitrum)""]",Free,Recent State,one,$0,Free,,,,,,,,,,,,,,,,
blockdaemon-one-pay-as-you-go-recent-state,!provider:blockdaemon-pay-as-you-go-recent-state,"[""[Buy](https://www.blockdaemon.com/api/pricing)"",""[Docs](https://docs.blockdaemon.com/docs/arbitrum)""]",Pay-as-you-go,Recent State,one,$0,Usage Based,,,,,,,,,,,,,,,,
blockdaemon-one-enterprise-recent-state,!provider:blockdaemon-enterprise-recent-state,"[""[Contact](https://www.blockdaemon.com/api/pricing#form-jump)"",""[Docs](https://docs.blockdaemon.com/docs/arbitrum)""]",Enterprise,Recent State,one,Custom,Custom,,,,,,,,,,,,,,,,
blockdaemon-nova-free-recent-state,!provider:blockdaemon-free-recent-state,"[""[Website](https://www.blockdaemon.com/arbitrum)"",""[Docs](https://docs.blockdaemon.com/docs/arbitrum)""]",Free,Recent State,nova,$0,Free,,,,,,,,,,,,,,,,
blockdaemon-nova-pay-as-you-go-recent-state,!provider:blockdaemon-pay-as-you-go-recent-state,"[""[Buy](https://www.blockdaemon.com/api/pricing)"",""[Docs](https://docs.blockdaemon.com/docs/arbitrum)""]",Pay-as-you-go,Recent State,nova,$0,Usage Based,,,,,,,,,,,,,,,,
blockdaemon-nova-enterprise-recent-state,!provider:blockdaemon-enterprise-recent-state,"[""[Contact](https://www.blockdaemon.com/api/pricing#form-jump)"",""[Docs](https://docs.blockdaemon.com/docs/arbitrum)""]",Enterprise,Recent State,nova,Custom,Custom,,,,,,,,,,,,,,,,
blockdaemon-sepolia-free-recent-state,!provider:blockdaemon-free-recent-state,"[""[Website](https://www.blockdaemon.com/arbitrum)"",""[Docs](https://docs.blockdaemon.com/docs/arbitrum)""]",Free,Recent State,sepolia,$0,Free,,,,,,,,,,,,,,,,
blockdaemon-sepolia-pay-as-you-go-recent-state,!provider:blockdaemon-pay-as-you-go-recent-state,"[""[Buy](https://www.blockdaemon.com/api/pricing)"",""[Docs](https://docs.blockdaemon.com/docs/arbitrum)""]",Pay-as-you-go,Recent State,sepolia,$0,Usage Based,,,,,,,,,,,,,,,,
blockdaemon-sepolia-enterprise-recent-state,!provider:blockdaemon-enterprise-recent-state,"[""[Contact](https://www.blockdaemon.com/api/pricing#form-jump)"",""[Docs](https://docs.blockdaemon.com/docs/arbitrum)""]",Enterprise,Recent State,sepolia,Custom,Custom,,,,,,,,,,,,,,,,
blockdaemon-one-free-full-archive,!provider:blockdaemon-free-full-archive,"[""[Website](https://www.blockdaemon.com/arbitrum)"",""[Docs](https://docs.blockdaemon.com/docs/arbitrum)""]",Free,Archive,one,$0,Free,,,,,,,,,,,,,,,,
blockdaemon-one-pay-as-you-go-full-archive,!provider:blockdaemon-pay-as-you-go-full-archive,"[""[Buy](https://www.blockdaemon.com/api/pricing)"",""[Docs](https://docs.blockdaemon.com/docs/arbitrum)""]",Pay-as-you-go,Archive,one,$0,Usage Based,,,,,,,,,,,,,,,,
blockdaemon-one-enterprise-full-archive,!provider:blockdaemon-enterprise-full-archive,"[""[Contact](https://www.blockdaemon.com/api/pricing#form-jump)"",""[Docs](https://docs.blockdaemon.com/docs/arbitrum)""]",Enterprise,Archive,one,Custom,Custom,,,,,,,,,,,,,,,,
blockdaemon-nova-free-full-archive,!provider:blockdaemon-free-full-archive,"[""[Website](https://www.blockdaemon.com/arbitrum)"",""[Docs](https://docs.blockdaemon.com/docs/arbitrum)""]",Free,Archive,nova,$0,Free,,,,,,,,,,,,,,,,
blockdaemon-nova-pay-as-you-go-full-archive,!provider:blockdaemon-pay-as-you-go-full-archive,"[""[Buy](https://www.blockdaemon.com/api/pricing)"",""[Docs](https://docs.blockdaemon.com/docs/arbitrum)""]",Pay-as-you-go,Archive,nova,$0,Usage Based,,,,,,,,,,,,,,,,
blockdaemon-nova-enterprise-full-archive,!provider:blockdaemon-enterprise-full-archive,"[""[Contact](https://www.blockdaemon.com/api/pricing#form-jump)"",""[Docs](https://docs.blockdaemon.com/docs/arbitrum)""]",Enterprise,Archive,nova,Custom,Custom,,,,,,,,,,,,,,,,
blockdaemon-sepolia-free-full-archive,!provider:blockdaemon-free-full-archive,"[""[Website](https://www.blockdaemon.com/arbitrum)"",""[Docs](https://docs.blockdaemon.com/docs/arbitrum)""]",Free,Archive,sepolia,$0,Free,,,,,,,,,,,,,,,,
blockdaemon-sepolia-pay-as-you-go-full-archive,!provider:blockdaemon-pay-as-you-go-full-archive,"[""[Buy](https://www.blockdaemon.com/api/pricing)"",""[Docs](https://docs.blockdaemon.com/docs/arbitrum)""]",Pay-as-you-go,Archive,sepolia,$0,Usage Based,,,,,,,,,,,,,,,,
blockdaemon-sepolia-enterprise-full-archive,!provider:blockdaemon-enterprise-full-archive,"[""[Contact](https://www.blockdaemon.com/api/pricing#form-jump)"",""[Docs](https://docs.blockdaemon.com/docs/arbitrum)""]",Enterprise,Archive,sepolia,Custom,Custom,,,,,,,,,,,,,,,,
blockpi-one-free-recent-state,!provider:blockpi-free-recent-state,"[""[Website](https://blockpi.io/chain/arbitrum)"",""[Docs](https://docs.blockpi.io/)""]",Free,Recent State,one,$0,Free,,,,,,,,,,,,,,,,
blockpi-one-pay-as-you-go-recent-state,!provider:blockpi-pay-as-you-go-recent-state,"[""[Buy](https://blockpi.io/pricing)"",""[Docs](https://docs.blockpi.io/)""]",Pay-as-you-go,Recent State,one,$0,$0.20 / 1M RUs,,,,,,,,,,,,,,,,
blockpi-one-enterprise-recent-state,!provider:blockpi-enterprise-recent-state,"[""[Contact](https://blockpi.io/pricing)"",""[Docs](https://docs.blockpi.io/)""]",Enterprise,Recent State,one,Custom,Custom,,,,,,,,,,,,,,,,
blockpi-nova-free-recent-state,!provider:blockpi-free-recent-state,"[""[Website](https://blockpi.io/chain/arbitrum)"",""[Docs](https://docs.blockpi.io/)""]",Free,Recent State,nova,$0,Free,,,,,,,,,,,,,,,,
blockpi-nova-pay-as-you-go-recent-state,!provider:blockpi-pay-as-you-go-recent-state,"[""[Buy](https://blockpi.io/pricing)"",""[Docs](https://docs.blockpi.io/)""]",Pay-as-you-go,Recent State,nova,$0,$0.20 / 1M RUs,,,,,,,,,,,,,,,,
blockpi-nova-enterprise-recent-state,!provider:blockpi-enterprise-recent-state,"[""[Contact](https://blockpi.io/pricing)"",""[Docs](https://docs.blockpi.io/)""]",Enterprise,Recent State,nova,Custom,Custom,,,,,,,,,,,,,,,,
blockpi-sepolia-free-recent-state,!provider:blockpi-free-recent-state,"[""[Website](https://blockpi.io/chain/arbitrum)"",""[Docs](https://docs.blockpi.io/)""]",Free,Recent State,sepolia,$0,Free,,,,,,,,,,,,,,,,
blockpi-sepolia-pay-as-you-go-recent-state,!provider:blockpi-pay-as-you-go-recent-state,"[""[Buy](https://blockpi.io/pricing)"",""[Docs](https://docs.blockpi.io/)""]",Pay-as-you-go,Recent State,sepolia,$0,$0.20 / 1M RUs,,,,,,,,,,,,,,,,
blockpi-sepolia-enterprise-recent-state,!provider:blockpi-enterprise-recent-state,"[""[Contact](https://blockpi.io/pricing)"",""[Docs](https://docs.blockpi.io/)""]",Enterprise,Recent State,sepolia,Custom,Custom,,,,,,,,,,,,,,,,
blockpi-one-free-full-archive,!provider:blockpi-free-full-archive,"[""[Website](https://blockpi.io/chain/arbitrum)"",""[Docs](https://docs.blockpi.io/)""]",Free,Archive,one,$0,Free,,,,,,,,,,,,,,,,
blockpi-one-pay-as-you-go-full-archive,!provider:blockpi-pay-as-you-go-full-archive,"[""[Buy](https://blockpi.io/pricing)"",""[Docs](https://docs.blockpi.io/)""]",Pay-as-you-go,Archive,one,$0,$0.20 / 1M RUs,,,,,,,,,,,,,,,,
blockpi-one-enterprise-full-archive,!provider:blockpi-enterprise-full-archive,"[""[Contact](https://blockpi.io/pricing)"",""[Docs](https://docs.blockpi.io/)""]",Enterprise,Archive,one,Custom,Custom,,,,,,,,,,,,,,,,
blockpi-nova-free-full-archive,!provider:blockpi-free-full-archive,"[""[Website](https://blockpi.io/chain/arbitrum-nova)"",""[Docs](https://docs.blockpi.io/)""]",Free,Archive,nova,$0,Free,,,,,,,,,,,,,,,,
blockpi-nova-pay-as-you-go-full-archive,!provider:blockpi-pay-as-you-go-full-archive,"[""[Buy](https://blockpi.io/pricing)"",""[Docs](https://docs.blockpi.io/)""]",Pay-as-you-go,Archive,nova,$0,$0.20 / 1M RUs,,,,,,,,,,,,,,,,
blockpi-nova-enterprise-full-archive,!provider:blockpi-enterprise-full-archive,"[""[Contact](https://blockpi.io/pricing)"",""[Docs](https://docs.blockpi.io/)""]",Enterprise,Archive,nova,Custom,Custom,,,,,,,,,,,,,,,,
blockpi-sepolia-free-full-archive,!provider:blockpi-free-full-archive,"[""[Website](https://blockpi.io/chain/arbitrum)"",""[Docs](https://docs.blockpi.io/)""]",Free,Archive,sepolia,$0,Free,,,,,,,,,,,,,,,,
blockpi-sepolia-pay-as-you-go-full-archive,!provider:blockpi-pay-as-you-go-full-archive,"[""[Buy](https://blockpi.io/pricing)"",""[Docs](https://docs.blockpi.io/)""]",Pay-as-you-go,Archive,sepolia,$0,$0.20 / 1M RUs,,,,,,,,,,,,,,,,
blockpi-sepolia-enterprise-full-archive,!provider:blockpi-enterprise-full-archive,"[""[Contact](https://blockpi.io/pricing)"",""[Docs](https://docs.blockpi.io/)""]",Enterprise,Archive,sepolia,Custom,Custom,,,,,,,,,,,,,,,,
chainbase-one-free-custom,!provider:chainbase-free-custom,"[""[Website](https://platform.chainbase.com/chainNetwork/Arbitrum)"",""[Docs](https://docs.chainbase.com/catalog/Arbitrum/Overview#the-major-features-of-the-arbitrum-blockchain)""]",Free,Recent State,one,$0,Free,,,,,,,,,,,,,,,,
chainbase-one-pay-as-you-go-custom,!provider:chainbase-pay-as-you-go-custom,"[""[Buy](https://platform.chainbase.com/pricing)"",""[Docs](https://docs.chainbase.com/catalog/Arbitrum/Overview#the-major-features-of-the-arbitrum-blockchain)""]",Pay-as-you-go,Recent State,one,$0,Usage Based,,,,,,,,,,,,,,,,
chainbase-one-enterprise-custom,!provider:chainbase-enterprise-custom,"[""[Contact](https://platform.chainbase.com/contact)"",""[Docs](https://docs.chainbase.com/catalog/Arbitrum/Overview#the-major-features-of-the-arbitrum-blockchain)""]",Enterprise,Recent State,one,Custom,Custom,,,,,,,,,,,,,,,,
chain-love-one-free-archive,!provider:chain-love-free,"[""[Website](https://arbitrum.chain.love/rpc)"",""[Docs](https://chain-love.gitbook.io/chain-love-docs/blockchains/arbitrum)""]",Free,Archive,one,$0,Free,,,,,,,,,,,,,,,,
chainnodes-one-free-full-archive,!provider:chainnodes-free-full-archive,"[""[Website](https://www.chainnodes.org/chains/arbitrum)"",""[Docs](https://www.chainnodes.org/docs)""]",Free,Archive,one,$0,Free,,,,,,,,,,,,,,,,
chainnodes-one-pay-as-you-go-full-archive,!provider:chainnodes-pay-as-you-go-full-archive,"[""[Buy](https://www.chainnodes.org/pricing)"",""[Docs](https://www.chainnodes.org/docs)""]",Pay-as-you-go,Archive,one,$0,Usage Based,,,,,,,,,,,,,,,,
chainstack-one-free-recent-state,!provider:chainstack-free-recent-state,"[""[Website](https://chainstack.com/build-better-with-arbitrum/)"",""[Docs](https://docs.chainstack.com/reference/arbitrum-getting-started)""]",Free,Recent State,one,$0,Free,,,,,,,,,,,,,,,,
chainstack-one-pay-as-you-go-recent-state,!provider:chainstack-pay-as-you-go-recent-state,"[""[Buy](https://chainstack.com/pricing/)"",""[Docs](https://docs.chainstack.com/reference/arbitrum-getting-started)""]",Pay-as-you-go,Recent State,one,$49,$20 / 1M RUs,,,,,,,,,,,,,,,,
chainstack-one-enterprise-recent-state,!provider:chainstack-enterprise-recent-state,"[""[Contact](https://console.chainstack.com/user/account#login)"",""[Docs](https://docs.chainstack.com/reference/arbitrum-getting-started)""]",Enterprise,Recent State,one,Custom,Custom,,,,,,,,,,,,,,,,
chainstack-sepolia-free-recent-state,!provider:chainstack-free-recent-state,"[""[Website](https://chainstack.com/build-better-with-arbitrum/)"",""[Docs](https://docs.chainstack.com/reference/arbitrum-getting-started)""]",Free,Recent State,sepolia,$0,Free,,,,,,,,,,,,,,,,
chainstack-sepolia-pay-as-you-go-recent-state,!provider:chainstack-pay-as-you-go-recent-state,"[""[Buy](https://chainstack.com/pricing/)"",""[Docs](https://docs.chainstack.com/reference/arbitrum-getting-started)""]",Pay-as-you-go,Recent State,sepolia,$49,$20 / 1M RUs,,,,,,,,,,,,,,,,
chainstack-sepolia-enterprise-recent-state,!provider:chainstack-enterprise-recent-state,"[""[Contact](https://console.chainstack.com/user/account#login)"",""[Docs](https://docs.chainstack.com/reference/arbitrum-getting-started)""]",Enterprise,Recent State,sepolia,Custom,Custom,,,,,,,,,,,,,,,,
chainstack-one-pay-as-you-go-full-archive,!provider:chainstack-pay-as-you-go-full-archive,"[""[Buy](https://chainstack.com/pricing/)"",""[Docs](https://docs.chainstack.com/reference/arbitrum-getting-started)""]",Pay-as-you-go,Archive,one,$49,$20 / 1M RUs,,,,,,,,,,,,,,,,
chainstack-one-enterprise-full-archive,!provider:chainstack-enterprise-full-archive,"[""[Contact](https://console.chainstack.com/user/account#login)"",""[Docs](https://docs.chainstack.com/reference/arbitrum-getting-started)""]",Enterprise,Archive,one,Custom,Custom,,,,,,,,,,,,,,,,
chainstack-sepolia-pay-as-you-go-full-archive,!provider:chainstack-pay-as-you-go-full-archive,"[""[Buy](https://chainstack.com/pricing/)"",""[Docs](https://docs.chainstack.com/reference/arbitrum-getting-started)""]",Pay-as-you-go,Archive,sepolia,$49,$20 / 1M RUs,,,,,,,,,,,,,,,,
chainstack-sepolia-enterprise-full-archive,!provider:chainstack-enterprise-full-archive,"[""[Contact](https://console.chainstack.com/user/account#login)"",""[Docs](https://docs.chainstack.com/reference/arbitrum-getting-started)""]",Enterprise,Archive,sepolia,Custom,Custom,,,,,,,,,,,,,,,,
drpc-one-free-recent-state,!provider:drpc-free-recent-state,"[""[Website](https://drpc.org/chainlist/arbitrum-mainnet-rpc)"",""[Docs](https://drpc.org/docs/arbitrum-api)""]",Free,Recent State,one,$0,Free,,,,,,,,,,,,,,,,
drpc-one-pay-as-you-go-recent-state,!provider:drpc-pay-as-you-go-recent-state,"[""[Buy](https://drpc.org/pricing)"",""[Docs](https://drpc.org/docs/arbitrum-api)""]",Pay-as-you-go,Recent State,one,$0,$6 / 1M RUs,,,,,,,,,,,,,,,,
drpc-one-enterprise-recent-state,!provider:drpc-enterprise-recent-state,"[""[Contact](https://drpc.org/pricing)"",""[Docs](https://drpc.org/docs/arbitrum-api)""]",Enterprise,Recent State,one,Custom,Custom,,,,,,,,,,,,,,,,
drpc-nova-free-recent-state,!provider:drpc-free-recent-state,"[""[Website](https://drpc.org/chainlist/arbitrum-nova-mainnet-rpc)"",""[Docs](https://drpc.org/docs/arbitrum-api)""]",Free,Recent State,nova,$0,Free,,,,,,,,,,,,,,,,
drpc-nova-pay-as-you-go-recent-state,!provider:drpc-pay-as-you-go-recent-state,"[""[Buy](https://drpc.org/pricing)"",""[Docs](https://drpc.org/docs/arbitrum-api)""]",Pay-as-you-go,Recent State,nova,$0,$6 / 1M RUs,,,,,,,,,,,,,,,,
drpc-nova-enterprise-recent-state,!provider:drpc-enterprise-recent-state,"[""[Contact](https://drpc.org/pricing)"",""[Docs](https://drpc.org/docs/arbitrum-api)""]",Enterprise,Recent State,nova,Custom,Custom,,,,,,,,,,,,,,,,
drpc-sepolia-free-recent-state,!provider:drpc-free-recent-state,"[""[Website](https://drpc.org/chainlist/arbitrum-sepolia-rpc)"",""[Docs](https://drpc.org/docs/arbitrum-api)""]",Free,Recent State,sepolia,$0,Free,,,,,,,,,,,,,,,,
drpc-sepolia-pay-as-you-go-recent-state,!provider:drpc-pay-as-you-go-recent-state,"[""[Buy](https://drpc.org/pricing)"",""[Docs](https://drpc.org/docs/arbitrum-api)""]",Pay-as-you-go,Recent State,sepolia,$0,$6 / 1M RUs,,,,,,,,,,,,,,,,
drpc-sepolia-enterprise-recent-state,!provider:drpc-enterprise-recent-state,"[""[Contact](https://drpc.org/pricing)"",""[Docs](https://drpc.org/docs/arbitrum-api)""]",Enterprise,Recent State,sepolia,Custom,Custom,,,,,,,,,,,,,,,,
drpc-one-free-full-archive,!provider:drpc-free-full-archive,"[""[Website](https://drpc.org/chainlist/arbitrum-mainnet-rpc)"",""[Docs](https://drpc.org/docs/arbitrum-api)""]",Free,Archive,one,$0,Free,,,,,,,,,,,,,,,,
drpc-one-pay-as-you-go-full-archive,!provider:drpc-pay-as-you-go-full-archive,"[""[Buy](https://drpc.org/pricing)"",""[Docs](https://drpc.org/docs/arbitrum-api)""]",Pay-as-you-go,Archive,one,$0,$6 / 1M RUs,,,,,,,,,,,,,,,,
drpc-one-enterprise-full-archive,!provider:drpc-enterprise-full-archive,"[""[Contact](https://drpc.org/pricing)"",""[Docs](https://drpc.org/docs/arbitrum-api)""]",Enterprise,Archive,one,Custom,Custom,,,,,,,,,,,,,,,,
drpc-nova-free-full-archive,!provider:drpc-free-full-archive,"[""[Website](https://drpc.org/chainlist/arbitrum-nova-mainnet-rpc)"",""[Docs](https://drpc.org/docs/arbitrum-api)""]",Free,Archive,nova,$0,Free,,,,,,,,,,,,,,,,
drpc-nova-pay-as-you-go-full-archive,!provider:drpc-pay-as-you-go-full-archive,"[""[Buy](https://drpc.org/pricing)"",""[Docs](https://drpc.org/docs/arbitrum-api)""]",Pay-as-you-go,Archive,nova,$0,$6 / 1M RUs,,,,,,,,,,,,,,,,
drpc-nova-enterprise-full-archive,!provider:drpc-enterprise-full-archive,"[""[Contact](https://drpc.org/pricing)"",""[Docs](https://drpc.org/docs/arbitrum-api)""]",Enterprise,Archive,nova,Custom,Custom,,,,,,,,,,,,,,,,
drpc-sepolia-free-full-archive,!provider:drpc-free-full-archive,"[""[Website](https://drpc.org/chainlist/arbitrum-sepolia-rpc)"",""[Docs](https://drpc.org/docs/arbitrum-api)""]",Free,Archive,sepolia,$0,Free,,,,,,,,,,,,,,,,
drpc-sepolia-pay-as-you-go-full-archive,!provider:drpc-pay-as-you-go-full-archive,"[""[Buy](https://drpc.org/pricing)"",""[Docs](https://drpc.org/docs/arbitrum-api)""]",Pay-as-you-go,Archive,sepolia,$0,$6 / 1M RUs,,,,,,,,,,,,,,,,
drpc-sepolia-enterprise-full-archive,!provider:drpc-enterprise-full-archive,"[""[Contact](https://drpc.org/pricing)"",""[Docs](https://drpc.org/docs/arbitrum-api)""]",Enterprise,Archive,sepolia,Custom,Custom,,,,,,,,,,,,,,,,
dwellir-one-free-recent-state,!provider:dwellir-free-recent-state,"[""[Website](https://www.dwellir.com/networks/arbitrum)"",""[Docs](https://www.dwellir.com/docs/arbitrum)""]",Free,Recent State,one,$0,Free,,,,,,,,,,,,,,,,
dwellir-one-pay-as-you-go-recent-state,!provider:dwellir-pay-as-you-go-recent-state,"[""[Buy](https://www.dwellir.com/pricing)"",""[Docs](https://www.dwellir.com/docs/arbitrum)""]",Pay-as-you-go,Recent State,one,$49,$5 / 1M RUs,,,,,,,,,,,,,,,,
dwellir-one-enterprise-recent-state,!provider:dwellir-enterprise-recent-state,"[""[Contact](https://www.dwellir.com/contact)"",""[Docs](https://www.dwellir.com/docs/arbitrum)""]",Enterprise,Recent State,one,Custom,Custom,,,,,,,,,,,,,,,,
dwellir-nova-free-recent-state,!provider:dwellir-free-recent-state,"[""[Website](https://www.dwellir.com/networks/arbitrum)"",""[Docs](https://www.dwellir.com/docs/arbitrum)""]",Free,Recent State,nova,$0,Free,,,,,,,,,,,,,,,,
dwellir-nova-pay-as-you-go-recent-state,!provider:dwellir-pay-as-you-go-recent-state,"[""[Buy](https://www.dwellir.com/pricing)"",""[Docs](https://www.dwellir.com/docs/arbitrum)""]",Pay-as-you-go,Recent State,nova,$49,$5 / 1M RUs,,,,,,,,,,,,,,,,
dwellir-nova-enterprise-recent-state,!provider:dwellir-enterprise-recent-state,"[""[Contact](https://www.dwellir.com/contact)"",""[Docs](https://www.dwellir.com/docs/arbitrum)""]",Enterprise,Recent State,nova,Custom,Custom,,,,,,,,,,,,,,,,
dwellir-sepolia-free-recent-state,!provider:dwellir-free-recent-state,"[""[Website](https://www.dwellir.com/networks/arbitrum)"",""[Docs](https://www.dwellir.com/docs/arbitrum)""]",Free,Recent State,sepolia,$0,Free,,,,,,,,,,,,,,,,
dwellir-sepolia-pay-as-you-go-recent-state,!provider:dwellir-pay-as-you-go-recent-state,"[""[Buy](https://www.dwellir.com/pricing)"",""[Docs](https://www.dwellir.com/docs/arbitrum)""]",Pay-as-you-go,Recent State,sepolia,$49,$5 / 1M RUs,,,,,,,,,,,,,,,,
dwellir-sepolia-enterprise-recent-state,!provider:dwellir-enterprise-recent-state,"[""[Contact](https://www.dwellir.com/contact)"",""[Docs](https://www.dwellir.com/docs/arbitrum)""]",Enterprise,Recent State,sepolia,Custom,Custom,,,,,,,,,,,,,,,,
dwellir-one-free-full-archive,!provider:dwellir-free-full-archive,"[""[Website](https://www.dwellir.com/networks/arbitrum)"",""[Docs](https://www.dwellir.com/docs/arbitrum)""]",Free,Archive,one,$0,Free,,,,,,,,,,,,,,,,
dwellir-one-pay-as-you-go-full-archive,!provider:dwellir-pay-as-you-go-full-archive,"[""[Buy](https://www.dwellir.com/pricing)"",""[Docs](https://www.dwellir.com/docs/arbitrum)""]",Pay-as-you-go,Archive,one,$49,$5 / 1M RUs,,,,,,,,,,,,,,,,
dwellir-one-enterprise-full-archive,!provider:dwellir-enterprise-full-archive,"[""[Contact](https://www.dwellir.com/contact)"",""[Docs](https://www.dwellir.com/docs/arbitrum)""]",Enterprise,Archive,one,Custom,Custom,,,,,,,,,,,,,,,,
dwellir-nova-free-full-archive,!provider:dwellir-free-full-archive,"[""[Website](https://www.dwellir.com/networks/arbitrum)"",""[Docs](https://www.dwellir.com/docs/arbitrum)""]",Free,Archive,nova,$0,Free,,,,,,,,,,,,,,,,
dwellir-nova-pay-as-you-go-full-archive,!provider:dwellir-pay-as-you-go-full-archive,"[""[Buy](https://www.dwellir.com/pricing)"",""[Docs](https://www.dwellir.com/docs/arbitrum)""]",Pay-as-you-go,Archive,nova,$49,$5 / 1M RUs,,,,,,,,,,,,,,,,
dwellir-nova-enterprise-full-archive,!provider:dwellir-enterprise-full-archive,"[""[Contact](https://www.dwellir.com/contact)"",""[Docs](https://www.dwellir.com/docs/arbitrum)""]",Enterprise,Archive,nova,Custom,Custom,,,,,,,,,,,,,,,,
dwellir-sepolia-free-full-archive,!provider:dwellir-free-full-archive,"[""[Website](https://www.dwellir.com/networks/arbitrum)"",""[Docs](https://www.dwellir.com/docs/arbitrum)""]",Free,Archive,sepolia,$0,Free,,,,,,,,,,,,,,,,
dwellir-sepolia-pay-as-you-go-full-archive,!provider:dwellir-pay-as-you-go-full-archive,"[""[Buy](https://www.dwellir.com/pricing)"",""[Docs](https://www.dwellir.com/docs/arbitrum)""]",Pay-as-you-go,Archive,sepolia,$49,$5 / 1M RUs,,,,,,,,,,,,,,,,
dwellir-sepolia-enterprise-full-archive,!provider:dwellir-enterprise-full-archive,"[""[Contact](https://www.dwellir.com/contact)"",""[Docs](https://www.dwellir.com/docs/arbitrum)""]",Enterprise,Archive,sepolia,Custom,Custom,,,,,,,,,,,,,,,,
infura-one-free-recent-state,!provider:infura-free-recent-state,"[""[Website](https://www.infura.io/networks/ethereum/arbitrum)"",""[Docs](https://docs.metamask.io/services/reference/arbitrum/)""]",Free,Recent State,one,$0,Free,,,,,,,,,,,,,,,,
infura-one-pay-as-you-go-recent-state,!provider:infura-pay-as-you-go-recent-state,"[""[Buy](https://www.infura.io/pricing)"",""[Docs](https://docs.metamask.io/services/reference/arbitrum/)""]",Pay-as-you-go,Recent State,one,$25,Custom,,,,,,,,,,,,,,,,
infura-one-enterprise-recent-state,!provider:infura-enterprise-recent-state,"[""[Contact](https://www.infura.io/contact)"",""[Docs](https://docs.metamask.io/services/reference/arbitrum/)""]",Enterprise,Recent State,one,Custom,Custom,,,,,,,,,,,,,,,,
infura-sepolia-free-recent-state,!provider:infura-free-recent-state,"[""[Website](https://www.infura.io/networks/ethereum/arbitrum)"",""[Docs](https://docs.metamask.io/services/reference/arbitrum/)""]",Free,Recent State,sepolia,$0,Free,,,,,,,,,,,,,,,,
infura-sepolia-pay-as-you-go-recent-state,!provider:infura-pay-as-you-go-recent-state,"[""[Buy](https://www.infura.io/pricing)"",""[Docs](https://docs.metamask.io/services/reference/arbitrum/)""]",Pay-as-you-go,Recent State,sepolia,$25,Custom,,,,,,,,,,,,,,,,
infura-sepolia-enterprise-recent-state,!provider:infura-enterprise-recent-state,"[""[Contact](https://www.infura.io/contact)"",""[Docs](https://docs.metamask.io/services/reference/arbitrum/)""]",Enterprise,Recent State,sepolia,Custom,Custom,,,,,,,,,,,,,,,,
infura-one-free-full-archive,!provider:infura-free-full-archive,"[""[Website](https://www.infura.io/networks/ethereum/arbitrum)"",""[Docs](https://docs.metamask.io/services/reference/arbitrum/)""]",Free,Archive,one,$0,Free,,,,,,,,,,,,,,,,
infura-one-pay-as-you-go-full-archive,!provider:infura-pay-as-you-go-full-archive,"[""[Buy](https://www.infura.io/pricing)"",""[Docs](https://docs.metamask.io/services/reference/arbitrum/)""]",Pay-as-you-go,Archive,one,$25,Custom,,,,,,,,,,,,,,,,
infura-one-enterprise-full-archive,!provider:infura-enterprise-full-archive,"[""[Contact](https://www.infura.io/contact)"",""[Docs](https://docs.metamask.io/services/reference/arbitrum/)""]",Enterprise,Archive,one,Custom,Custom,,,,,,,,,,,,,,,,
infura-sepolia-free-full-archive,!provider:infura-free-full-archive,"[""[Website](https://www.infura.io/networks/ethereum/arbitrum)"",""[Docs](https://docs.metamask.io/services/reference/arbitrum/)""]",Free,Archive,sepolia,$0,Free,,,,,,,,,,,,,,,,
infura-sepolia-pay-as-you-go-full-archive,!provider:infura-pay-as-you-go-full-archive,"[""[Buy](https://www.infura.io/pricing)"",""[Docs](https://docs.metamask.io/services/reference/arbitrum/)""]",Pay-as-you-go,Archive,sepolia,$25,Custom,,,,,,,,,,,,,,,,
infura-sepolia-enterprise-full-archive,!provider:infura-enterprise-full-archive,"[""[Contact](https://www.infura.io/contact)"",""[Docs](https://docs.metamask.io/services/reference/arbitrum/)""]",Enterprise,Archive,sepolia,Custom,Custom,,,,,,,,,,,,,,,,
getblock-one-free-recent-state,!provider:getblock-free-recent-state,"[""[Website](https://getblock.io/nodes/arb/)"",""[Docs](https://docs.getblock.io/api-reference/arbitrum-arb)""]",Free,Recent State,one,$0,Free,,,,,,,,,,,,,,,,
getblock-one-pay-as-you-go-recent-state,!provider:getblock-pay-as-you-go-recent-state,"[""[Buy](https://getblock.io/pricing/)"",""[Docs](https://docs.getblock.io/api-reference/arbitrum-arb)""]",Pay-as-you-go,Recent State,one,$39,$0.78 / 1M CUs,,,,,,,,,,,,,,,,
getblock-one-enterprise-recent-state,!provider:getblock-enterprise-recent-state,"[""[Contact](https://account.getblock.io/sign-up)"",""[Docs](https://docs.getblock.io/api-reference/arbitrum-arb)""]",Enterprise,Recent State,one,Custom,Custom,,,,,,,,,,,,,,,,
getblock-one-dedicated-recent-state,!provider:getblock-dedicated-recent-state,"[""[Contact](https://account.getblock.io/sign-up)"",""[Docs](https://docs.getblock.io/api-reference/arbitrum-arb)""]",Enterprise,Recent State,one,Custom,Custom,,,,,,,,,,,,,,,,
getblock-sepolia-free-recent-state,!provider:getblock-free-recent-state,"[""[Website](https://getblock.io/nodes/arb/)"",""[Docs](https://docs.getblock.io/api-reference/arbitrum-arb)""]",Free,Recent State,sepolia,$0,Free,,,,,,,,,,,,,,,,
getblock-sepolia-pay-as-you-go-recent-state,!provider:getblock-pay-as-you-go-recent-state,"[""[Buy](https://www.infura.io/pricing)"",""[Docs](https://docs.metamask.io/services/reference/arbitrum/)""]",Pay-as-you-go,Recent State,sepolia,$39,$0.78 / 1M CUs,,,,,,,,,,,,,,,,
getblock-sepolia-enterprise-recent-state,!provider:getblock-enterprise-recent-state,"[""[Contact](https://account.getblock.io/sign-up)"",""[Docs](https://docs.getblock.io/api-reference/arbitrum-arb)""]",Enterprise,Recent State,sepolia,Custom,Custom,,,,,,,,,,,,,,,,
getblock-sepolia-dedicated-recent-state,!provider:getblock-dedicated-recent-state,"[""[Contact](https://account.getblock.io/sign-up)"",""[Docs](https://docs.getblock.io/api-reference/arbitrum-arb)""]",Enterprise,Recent State,sepolia,Custom,Custom,,,,,,,,,,,,,,,,
getblock-one-pay-as-you-go-full-archive,!provider:getblock-pay-as-you-go-full-archive,"[""[Buy](https://getblock.io/pricing/)"",""[Docs](https://docs.getblock.io/api-reference/arbitrum-arb)""]",Pay-as-you-go,Archive,one,$39,$0.78 / 1M CUs,,,,,,,,,,,,,,,,
getblock-one-enterprise-full-archive,!provider:getblock-enterprise-full-archive,"[""[Contact](https://account.getblock.io/sign-up)"",""[Docs](https://docs.getblock.io/api-reference/arbitrum-arb)""]",Enterprise,Archive,one,Custom,Custom,,,,,,,,,,,,,,,,
getblock-one-dedicated-full-archive,!provider:getblock-dedicated-full-archive,"[""[Contact](https://account.getblock.io/sign-up)"",""[Docs](https://docs.getblock.io/api-reference/arbitrum-arb)""]",Dedicated,Archive,one,Custom,Custom,,,,,,,,,,,,,,,,
getblock-sepolia-pay-as-you-go-full-archive,!provider:getblock-pay-as-you-go-full-archive,"[""[Buy](https://getblock.io/pricing/)"",""[Docs](https://docs.getblock.io/api-reference/arbitrum-arb)""]",Pay-as-you-go,Archive,sepolia,$39,$0.78 / 1M CUs,,,,,,,,,,,,,,,,
getblock-sepolia-enterprise-full-archive,!provider:getblock-enterprise-full-archive,"[""[Contact](https://account.getblock.io/sign-up)"",""[Docs](https://docs.getblock.io/api-reference/arbitrum-arb)""]",Enterprise,Archive,sepolia,Custom,Custom,,,,,,,,,,,,,,,,
getblock-sepolia-dedicated-full-archive,!provider:getblock-dedicated-full-archive,"[""[Contact](https://account.getblock.io/sign-up)"",""[Docs](https://docs.getblock.io/api-reference/arbitrum-arb)""]",Dedicated,Archive,sepolia,Custom,Custom,,,,,,,,,,,,,,,,
nownodes-one-free-recent-state,!provider:nownodes-free-recent-state,"[""[Website](https://nownodes.io/nodes/arbitrum-arb)"",""[Docs](https://nownodes.gitbook.io/arb-arbitrum)""]",Free,Recent State,one,$0,Free,,,,,,,,,,,,,,,,
nownodes-one-pay-as-you-go-recent-state,!provider:nownodes-pay-as-you-go-recent-state,"[""[Buy](https://nownodes.io/pricing)"",""[Docs](https://nownodes.gitbook.io/arb-arbitrum)""]",Pay-as-you-go,Recent State,one,$20,Usage Based,,,,,,,,,,,,,,,,
nownodes-one-enterprise-recent-state,!provider:nownodes-enterprise-recent-state,"[""[Contact](https://account.nownodes.io/auth/login)"",""[Docs](https://nownodes.gitbook.io/arb-arbitrum)""]",Enterprise,Recent State,one,Custom,Custom,,,,,,,,,,,,,,,,
nownodes-one-dedicated-recent-state,!provider:nownodes-dedicated-recent-state,"[""[Contact](https://account.nownodes.io/auth/login)"",""[Docs](https://nownodes.gitbook.io/arb-arbitrum)""]",Dedicated,Recent State,one,Custom,Custom,,,,,,,,,,,,,,,,
onfinality-one-pay-as-you-go-trace,!provider:onfinality-pay-as-you-go-trace,"[""[Buy](https://onfinality.io/en/pricing)"",""[Docs](https://documentation.onfinality.io/support/arbitrum)""]",Pay-as-you-go,Archive,one,$0,Usage Based,,,,,,,,,,,,,,,,
onfinality-one-enterprise-trace,!provider:onfinality-enterprise-trace,"[""[Contact](https://onfinality.io/en/pricing)"",""[Docs](https://documentation.onfinality.io/support/arbitrum)""]",Enterprise,Archive,one,Custom,Custom,,,,,,,,,,,,,,,,
onfinality-sepolia-pay-as-you-go-trace,!provider:onfinality-pay-as-you-go-trace,"[""[Buy](https://onfinality.io/en/pricing)"",""[Docs](https://documentation.onfinality.io/support/arbitrum)""]",Pay-as-you-go,Archive,sepolia,$0,Usage Based,,,,,,,,,,,,,,,,
onfinality-sepolia-enterprise-trace,!provider:onfinality-enterprise-trace,"[""[Contact](https://onfinality.io/en/pricing)"",""[Docs](https://documentation.onfinality.io/support/arbitrum)""]",Enterprise,Archive,sepolia,Custom,Custom,,,,,,,,,,,,,,,,
onfinality-one-free-full-archive,!provider:onfinality-free-full-archive,"[""[Website](https://onfinality.io/en/networks/arbitrum)"",""[Docs](https://documentation.onfinality.io/support/arbitrum)""]",Free,Archive,one,$0,Free,,,,,,,,,,,,,,,,
onfinality-one-pay-as-you-go-full-archive,!provider:onfinality-pay-as-you-go-full-archive,"[""[Buy](https://onfinality.io/en/pricing)"",""[Docs](https://documentation.onfinality.io/support/arbitrum)""]",Pay-as-you-go,Archive,one,$0,Usage Based,,,,,,,,,,,,,,,,
onfinality-one-enterprise-full-archive,!provider:onfinality-enterprise-full-archive,"[""[Contact](https://onfinality.io/en/pricing)"",""[Docs](https://documentation.onfinality.io/support/arbitrum)""]",Enterprise,Archive,one,Custom,Custom,,,,,,,,,,,,,,,,
onfinality-sepolia-free-full-archive,!provider:onfinality-free-full-archive,"[""[Website](https://onfinality.io/en/networks/arbitrum)"",""[Docs](https://documentation.onfinality.io/support/arbitrum)""]",Free,Archive,sepolia,$0,Free,,,,,,,,,,,,,,,,
onfinality-sepolia-pay-as-you-go-full-archive,!provider:onfinality-pay-as-you-go-full-archive,"[""[Buy](https://onfinality.io/en/pricing)"",""[Docs](https://documentation.onfinality.io/support/arbitrum)""]",Pay-as-you-go,Archive,sepolia,$0,Usage Based,,,,,,,,,,,,,,,,
onfinality-sepolia-enterprise-full-archive,!provider:onfinality-enterprise-full-archive,"[""[Contact](https://onfinality.io/en/pricing)"",""[Docs](https://documentation.onfinality.io/support/arbitrum)""]",Enterprise,Archive,sepolia,Custom,Custom,,,,,,,,,,,,,,,,
publicnode-one-public-recent-state,!provider:publicnode-public-recent-state,"[""[Website](https://arbitrum-one-rpc.publicnode.com)""]",Free,Recent State,one,$0,Free,,,,,,,,,,,,,,,,
publicnode-nova-public-recent-state,!provider:publicnode-public-recent-state,"[""[Website](https://arbitrum-nova-rpc.publicnode.com)""]",Free,Recent State,nova,$0,Free,,,,,,,,,,,,,,,,
publicnode-sepolia-public-recent-state,!provider:publicnode-public-recent-state,"[""[Website](https://arbitrum-one-rpc.publicnode.com)""]",Free,Recent State,sepolia,$0,Free,,,,,,,,,,,,,,,,
quicknode-one-pay-as-you-go-recent-state,!provider:quicknode-pay-as-you-go-recent-state,"[""[Buy](https://www.quicknode.com/pricing)"",""[Docs](https://www.quicknode.com/docs/arbitrum)""]",Pay-as-you-go,Recent State,one,$49,$20 / 1M CUs,,,,,,,,,,,,,,,,
quicknode-one-enterprise-recent-state,!provider:quicknode-enterprise-recent-state,"[""[Contact](https://www.quicknode.com/contact-us?inquiry_topic=Enterprise%20Plan%20Upgrade)"",""[Docs](https://www.quicknode.com/docs/arbitrum)""]",Enterprise,Recent State,one,Custom,Custom,,,,,,,,,,,,,,,,
quicknode-nova-pay-as-you-go-recent-state,!provider:quicknode-pay-as-you-go-recent-state,"[""[Buy](https://www.quicknode.com/pricing)"",""[Docs](https://www.quicknode.com/docs/arbitrum)""]",Pay-as-you-go,Recent State,nova,$49,$20 / 1M CUs,,,,,,,,,,,,,,,,
quicknode-nova-enterprise-recent-state,!provider:quicknode-enterprise-recent-state,"[""[Contact](https://www.quicknode.com/contact-us?inquiry_topic=Enterprise%20Plan%20Upgrade)"",""[Docs](https://www.quicknode.com/docs/arbitrum)""]",Enterprise,Recent State,nova,Custom,Custom,,,,,,,,,,,,,,,,
quicknode-sepolia-pay-as-you-go-recent-state,!provider:quicknode-pay-as-you-go-recent-state,"[""[Buy](https://www.quicknode.com/pricing)"",""[Docs](https://www.quicknode.com/docs/arbitrum)""]",Pay-as-you-go,Recent State,sepolia,$49,$20 / 1M CUs,,,,,,,,,,,,,,,,
quicknode-sepolia-enterprise-recent-state,!provider:quicknode-enterprise-recent-state,"[""[Contact](https://www.quicknode.com/contact-us?inquiry_topic=Enterprise%20Plan%20Upgrade)"",""[Docs](https://www.quicknode.com/docs/arbitrum)""]",Enterprise,Recent State,sepolia,Custom,Custom,,,,,,,,,,,,,,,,
quicknode-one-pay-as-you-go-full-archive,!provider:quicknode-pay-as-you-go-full-archive,"[""[Buy](https://www.quicknode.com/pricing)"",""[Docs](https://www.quicknode.com/docs/arbitrum)""]",Pay-as-you-go,Archive,one,$49,$20 / 1M CUs,,,,,,,,,,,,,,,,
quicknode-one-enterprise-full-archive,!provider:quicknode-enterprise-full-archive,"[""[Contact](https://www.quicknode.com/contact-us?inquiry_topic=Enterprise%20Plan%20Upgrade)"",""[Docs](https://www.quicknode.com/docs/arbitrum)""]",Enterprise,Archive,one,Custom,Custom,,,,,,,,,,,,,,,,
quicknode-nova-pay-as-you-go-full-archive,!provider:quicknode-pay-as-you-go-full-archive,"[""[Buy](https://www.quicknode.com/pricing)"",""[Docs](https://www.quicknode.com/docs/arbitrum)""]",Pay-as-you-go,Archive,nova,$49,$20 / 1M CUs,,,,,,,,,,,,,,,,
quicknode-nova-enterprise-full-archive,!provider:quicknode-enterprise-full-archive,"[""[Contact](https://www.quicknode.com/contact-us?inquiry_topic=Enterprise%20Plan%20Upgrade)"",""[Docs](https://www.quicknode.com/docs/arbitrum)""]",Enterprise,Archive,nova,Custom,Custom,,,,,,,,,,,,,,,,
quicknode-sepolia-pay-as-you-go-full-archive,!provider:quicknode-pay-as-you-go-full-archive,"[""[Buy](https://www.quicknode.com/pricing)"",""[Docs](https://www.quicknode.com/docs/arbitrum)""]",Pay-as-you-go,Archive,sepolia,$49,$20 / 1M CUs,,,,,,,,,,,,,,,,
quicknode-sepolia-enterprise-full-archive,!provider:quicknode-enterprise-full-archive,"[""[Contact](https://www.quicknode.com/contact-us?inquiry_topic=Enterprise%20Plan%20Upgrade)"",""[Docs](https://www.quicknode.com/docs/arbitrum)""]",Enterprise,Archive,sepolia,Custom,Custom,,,,,,,,,,,,,,,,
rpcfast-one-free-recent-state,!provider:rpcfast-free-recent-state,"[""[Website](https://rpcfast.com/dedicated-arbitrum-nodes)"",""[Docs](https://docs.rpcfast.com)"",""[Contact](https://docs.rpcfast.com/contacts-and-support/contacts)""]",Free,Recent State,one,$0,Free,,,,,,,,,,,,,,,,
rpcfast-one-enterprise-full-archive,!provider:rpcfast-enterprise-full-archive,"[""[Website](https://rpcfast.com/dedicated-arbitrum-nodes)"",""[Docs](https://docs.rpcfast.com)"",""[Contact](https://docs.rpcfast.com/contacts-and-support/contacts)""]",Enterprise,Archive,one,Custom,Custom,,,,,,,,,,,,,,,,
subquery-one-public-full-archive,!provider:subquery-public-full-archive,"[""[Website](https://app.subquery.network/explorer/project/0x23/overview)"",""[Docs](https://subquery.network/doc/subquery_network/node_operators/introduction.html)""]",Free,Archive,one,$0,Free,,,,,,,,,,,,,,,,
subquery-one-pay-as-you-go-full-archive,!provider:subquery-pay-as-you-go-full-archive,"[""[Website](https://app.subquery.network/explorer/project/0x23/overview)"",""[Docs](https://subquery.network/doc/subquery_network/node_operators/introduction.html)""]",Pay-as-you-go,Archive,one,$0,Usage Based,,,,,,,,,,,,,,,,
tatum-one-free-recent-state,!provider:tatum-free-recent-state,"[""[Website](https://tatum.io/chain/arbitrum-one)"",""[Docs](https://docs.tatum.io/reference/rpc-arbitrum)""]",Free,Recent State,one,$0,Free,,,,,,,,,,,,,,,,
tatum-one-pay-as-you-go-recent-state,!provider:tatum-pay-as-you-go-recent-state,"[""[Buy](https://tatum.io/pricing)"",""[Docs](https://docs.tatum.io/reference/rpc-arbitrum)""]",Pay-as-you-go,Recent State,one,$25,Free,,,,,,,,,,,,,,,,
tatum-one-enterprise-recent-state,!provider:tatum-enterprise-recent-state,"[""[Contact](https://tatum.io/get-in-touch)"",""[Docs](https://docs.tatum.io/reference/rpc-arbitrum)""]",Enterprise,Recent State,one,Custom,Custom,,,,,,,,,,,,,,,,
tatum-nova-free-recent-state,!provider:tatum-free-recent-state,"[""[Website](https://tatum.io/chain/arbitrum-nova)"",""[Docs](https://docs.tatum.io/reference/rpc-arbitrum-nova)""]",Free,Recent State,nova,$0,Free,,,,,,,,,,,,,,,,
tatum-nova-pay-as-you-go-recent-state,!provider:tatum-pay-as-you-go-recent-state,"[""[Buy](https://tatum.io/pricing)"",""[Docs](https://docs.tatum.io/reference/rpc-arbitrum-nova)""]",Pay-as-you-go,Recent State,nova,$25,Free,,,,,,,,,,,,,,,,
tatum-nova-enterprise-recent-state,!provider:tatum-enterprise-recent-state,"[""[Contact](https://tatum.io/get-in-touch)"",""[Docs](https://docs.tatum.io/reference/rpc-arbitrum-nova)""]",Enterprise,Recent State,nova,Custom,Custom,,,,,,,,,,,,,,,,
tatum-one-pay-as-you-go-full-archive,!provider:tatum-pay-as-you-go-full-archive,"[""[Buy](https://tatum.io/pricing)"",""[Docs](https://docs.tatum.io/reference/rpc-arbitrum)""]",Pay-as-you-go,Archive,one,$25,Free,,,,,,,,,,,,,,,,
tatum-one-enterprise-full-archive,!provider:tatum-enterprise-full-archive,"[""[Contact](https://tatum.io/get-in-touch)"",""[Docs](https://docs.tatum.io/reference/rpc-arbitrum)""]",Enterprise,Archive,one,Custom,Custom,,,,,,,,,,,,,,,,
tatum-nova-pay-as-you-go-full-archive,!provider:tatum-pay-as-you-go-full-archive,"[""[Buy](https://tatum.io/pricing)"",""[Docs](https://docs.tatum.io/reference/rpc-arbitrum-nova)""]",Pay-as-you-go,Archive,nova,$25,Free,,,,,,,,,,,,,,,,
tatum-nova-enterprise-full-archive,!provider:tatum-enterprise-full-archive,"[""[Contact](https://tatum.io/get-in-touch)"",""[Docs](https://docs.tatum.io/reference/rpc-arbitrum-nova)""]",Enterprise,Archive,nova,Custom,Custom,,,,,,,,,,,,,,,,
tatum-sepolia-free-recent-state,!provider:tatum-free-recent-state,"[""[Website](https://tatum.io/chain/arbitrum-one)"",""[Docs](https://docs.tatum.io/reference/rpc-arbitrum)""]",Free,Recent State,sepolia,$0,Free,,,,,,,,,,,,,,,,
tatum-sepolia-pay-as-you-go-recent-state,!provider:tatum-pay-as-you-go-recent-state,"[""[Buy](https://tatum.io/pricing)"",""[Docs](https://docs.tatum.io/reference/rpc-arbitrum)""]",Pay-as-you-go,Recent State,sepolia,$25,Free,,,,,,,,,,,,,,,,
tatum-sepolia-enterprise-recent-state,!provider:tatum-enterprise-recent-state,"[""[Contact](https://tatum.io/get-in-touch)"",""[Docs](https://docs.tatum.io/reference/rpc-arbitrum)""]",Enterprise,Recent State,sepolia,Custom,Custom,,,,,,,,,,,,,,,,
tatum-sepolia-pay-as-you-go-full-archive,!provider:tatum-pay-as-you-go-full-archive,"[""[Buy](https://tatum.io/pricing)"",""[Docs](https://docs.tatum.io/reference/rpc-arbitrum)""]",Pay-as-you-go,Archive,sepolia,$25,Free,,,,,,,,,,,,,,,,
tatum-sepolia-enterprise-full-archive,!provider:tatum-enterprise-full-archive,"[""[Contact](https://tatum.io/get-in-touch)"",""[Docs](https://docs.tatum.io/reference/rpc-arbitrum)""]",Enterprise,Archive,sepolia,Custom,Custom,,,,,,,,,,,,,,,,
tenderly-one-free-recent-state,!provider:tenderly-free-recent-state,"[""[Website](https://tenderly.co/)"",""[Docs](https://docs.tenderly.co/node/rpc-reference/arbitrum)""]",Free,Recent State,one,$0,Free,,,,,,,,,,,,,,,,
tenderly-one-pay-as-you-go-recent-state,!provider:tenderly-pay-as-you-go-recent-state,"[""[Buy](https://tenderly.co/pricing)"",""[Docs](https://docs.tenderly.co/node/rpc-reference/arbitrum)""]",Pay-as-you-go,Recent State,one,$50,Free,,,,,,,,,,,,,,,,
tenderly-one-enterprise-recent-state,!provider:tenderly-enterprise-recent-state,"[""[Contact](https://tenderly.co/pricing)"",""[Docs](https://docs.tenderly.co/node/rpc-reference/arbitrum)""]",Enterprise,Recent State,one,Custom,Custom,,,,,,,,,,,,,,,,
tenderly-nova-free-recent-state,!provider:tenderly-free-recent-state,"[""[Website](https://tenderly.co/)"",""[Docs](https://docs.tenderly.co/node/rpc-reference/arbitrum-nova)""]",Free,Recent State,nova,$0,Free,,,,,,,,,,,,,,,,
tenderly-nova-pay-as-you-go-recent-state,!provider:tenderly-pay-as-you-go-recent-state,"[""[Buy](https://tenderly.co/pricing)"",""[Docs](https://docs.tenderly.co/node/rpc-reference/arbitrum-nova)""]",Pay-as-you-go,Recent State,nova,$50,Free,,,,,,,,,,,,,,,,
tenderly-nova-enterprise-recent-state,!provider:tenderly-enterprise-recent-state,"[""[Contact](https://tenderly.co/pricing)"",""[Docs](https://docs.tenderly.co/node/rpc-reference/arbitrum-nova)""]",Enterprise,Recent State,nova,Custom,Custom,,,,,,,,,,,,,,,,
tenderly-sepolia-free-recent-state,!provider:tenderly-free-recent-state,"[""[Website](https://tenderly.co/)"",""[Docs](https://docs.tenderly.co/node/rpc-reference/arbitrum-sepolia)""]",Free,Recent State,sepolia,$0,Free,,,,,,,,,,,,,,,,
tenderly-sepolia-pay-as-you-go-recent-state,!provider:tenderly-pay-as-you-go-recent-state,"[""[Buy](https://tenderly.co/pricing)"",""[Docs](https://docs.tenderly.co/node/rpc-reference/arbitrum-sepolia)""]",Pay-as-you-go,Recent State,sepolia,$50,Free,,,,,,,,,,,,,,,,
tenderly-sepolia-enterprise-recent-state,!provider:tenderly-enterprise-recent-state,"[""[Contact](https://tenderly.co/pricing)"",""[Docs](https://docs.tenderly.co/node/rpc-reference/arbitrum-sepolia)""]",Enterprise,Recent State,sepolia,Custom,Custom,,,,,,,,,,,,,,,,