slug,provider,actionButtons,toolType,programmingLanguage,tag,description,planType,planName,license,price,trial,starred,dependencies
alchemy-sdk-enterprise,!provider:alchemy-sdk-enterprise,,,,,,,,,,,,
alchemy-sdk-free,!provider:alchemy-sdk-free,,,,,,,,,,,,
alchemy-sdk-pay-as-you-go,!provider:alchemy-sdk-pay-as-you-go,,,,,,,,,,,,
biconomy,!provider:biconomy,,,,,,,,,,,,
blockdaemon-sdk-enterprise,!provider:blockdaemon-sdk-enterprise,,,,,,,,,,,,
blockdaemon-sdk-free,!provider:blockdaemon-sdk-free,,,,,,,,,,,,
blockdaemon-sdk-growth,!provider:blockdaemon-sdk-growth,,,,,,,,,,,,
blockdaemon-sdk-starter,!provider:blockdaemon-sdk-starter,,,,,,,,,,,,
brownie,!provider:brownie,,,,,,,,,,,,
connectkit,!provider:connectkit,,,,,,,,,,,,
db3-js,!provider:db3-js,,,,,,,,,,,,
ens-js,!provider:ens-js,,,,,,,,,,,,
ethers-js,!provider:ethers-js,,,,,,,,,,,,
evmole,!provider:evmole,,,,,,,,,,,,
foundry,!provider:foundry,,,,,,,,,,,,
fuzzlib,!provider:fuzzlib,,,,,,,,,,,,
halliday,!provider:halliday,,,,,,,,,,,,
huff,!provider:huff,,,,,,,,,,,,
loop-decoder,!provider:loop-decoder,,,,,,,,,,,,
magic,!provider:magic,,,,,,,,,,,,
openzeppelin,!provider:openzeppelin,,,,,,,,,,,,
prb-test,!provider:prb-test,,,,,,,,,,,,
quicknode-sdk-accelerate,!provider:quicknode-sdk-accelerate,,,,,,,,,,,,
quicknode-sdk-build,!provider:quicknode-sdk-build,,,,,,,,,,,,
quicknode-sdk-business,!provider:quicknode-sdk-business,,,,,,,,,,,,
quicknode-sdk-enterprise,!provider:quicknode-sdk-enterprise,,,,,,,,,,,,
quicknode-sdk-scale,!provider:quicknode-sdk-scale,,,,,,,,,,,,
rainbowkit,!provider:rainbowkit,,,,,,,,,,,,
tatum-sdk-business,!provider:tatum-sdk-business,,,,,,,,,,,,
tatum-sdk-free,!provider:tatum-sdk-free,,,,,,,,,,,,
tatum-sdk-pro,!provider:tatum-sdk-pro,,,,,,,,,,,,
tatum-sdk-scale,!provider:tatum-sdk-scale,,,,,,,,,,,,
tatum-sdk-starter,!provider:tatum-sdk-starter,,,,,,,,,,,,
turnkey-sdk-enterprise,!provider:turnkey-sdk-enterprise,,,,,,,,,,,,
turnkey-sdk-free,!provider:turnkey-sdk-free,,,,,,,,,,,,
turnkey-sdk-pro,!provider:turnkey-sdk-pro,,,,,,,,,,,,
vyper,!provider:vyper,,,,,,,,,,,,
wagmi,!provider:wagmi,,,,,,,,,,,,
wake,!provider:wake,,,,,,,,,,,,
web3auth-base,!provider:web3auth-base,,,,,,,,,,,,
web3auth-enterprise,!provider:web3auth-enterprise,,,,,,,,,,,,
web3auth-growth,!provider:web3auth-growth,,,,,,,,,,,,
web3auth-scale,!provider:web3auth-scale,,,,,,,,,,,,
