slug,tag,provider,toolType,price,description,starred,actionButtons
hardhat,,!provider:hardhat,,,,,
foundry,,!provider:foundry,,,,,
truffle,,!provider:truffle,,,,,
ape,,!provider:ape,,,,,
remix,,!provider:remix,,,,,
ganache,,!provider:ganache,,,,,
openzeppelin,,!provider:openzeppelin,,,,,
ethersjs,,!provider:ethersjs,,,,,
web3js,,!provider:web3js,,,,,
moralis,,!provider:moralis,,,,,
walletconnect,,!provider:walletconnect,,,,,
biconomy,,!provider:biconomy,,,,,
magic,,!provider:magic,,,,,
turnkey,,!provider:turnkey,,,,,
wagmi,,!provider:wagmi,,,,,
rainbowkit,,!provider:rainbowkit,,,,,
web3auth,,!provider:web3auth,,,,,
etherspot,,!provider:etherspot,,,,,
tenderly,,!provider:tenderly,,,,,
thirdweb,,!provider:thirdweb,,,,,
