slug,provider,actionButtons,toolType,tag,price,planName,planType,description,starred
apeworx,!provider:apeworx,,,,,,,,
chain-ide,!provider:chain-ide,,,,,,,,
pimlico,!provider:pimlico,,,,,,,,
polyzoa,!provider:polyzoa,,,,,,,,
reown-free,!provider:reown-free,,,,,,,,
reown-pro,!provider:reown-pro,,,,,,,,
reown-enterprise,!provider:reown-enterprise,,,,,,,,
scaffold-eth,!provider:scaffold-eth,,,,,,,,
tenderly-sandbox,!provider:tenderly-sandbox,,,,,,,,
thirdweb-enterprise,!provider:thirdweb-enterprise,,,,,,,,
thirdweb-pay-as-you-go,!provider:thirdweb-pay-as-you-go,,,,,,,,
