slug,provider,actionButtons,toolType,programmingLanguage,tag,description,planType,planName,price,trial,starred,dependencies,latestKnownVersion,latestKnownReleaseDate,maintainer,license
ethers-js,!provider:ethers-js,,,,,,,,,,,,,,,
foundry,!provider:foundry,,,,,,,,,,,,,,,
fuzzlib,!provider:fuzzlib,,,,,,,,,,,,,,,
hardhat,!provider:hardhat,,,,,,,,,,,,,,,
quicknode-sdk-enterprise,!provider:quicknode-sdk-enterprise,,,,,,,,,,,,,,,
quicknode-sdk-accelerate,!provider:quicknode-sdk-accelerate,,,,,,,,,,,,,,,
quicknode-sdk-build,!provider:quicknode-sdk-build,,,,,,,,,,,,,,,
quicknode-sdk-business,!provider:quicknode-sdk-business,,,,,,,,,,,,,,,
quicknode-sdk-scale,!provider:quicknode-sdk-scale,,,,,,,,,,,,,,,
web3-js,!provider:web3-js,,,,,,,,,,,,,,,
web3-py,!provider:web3-py,,,,,,,,,,,,,,,
