slug,provider,actionButtons,toolType,description,tag,planType,planName,price,trial,availableApis,executionEnvironment
venly-developer,!provider:venly-developer,,,,,,,,,,
venly-premium,!provider:venly-premium,,,,,,,,,,
venly-professional,!provider:venly-professional,,,,,,,,,,
venly-scale,!provider:venly-scale,,,,,,,,,,
tenderly,!provider:tenderly,,,,,,,,,,
thx-network,!provider:thx-network,,,,,,,,,,
toolblox-starter,!provider:toolblox-starter,,,,,,,,,,
toolblox-free,!provider:toolblox-free,,,,,,,,,,
toolblox-consultations,!provider:toolblox-consultations,,,,,,,,,,
toolblox-lifetime,!provider:toolblox-lifetime,,,,,,,,,,
toolblox-professional,!provider:toolblox-professional,,,,,,,,,,
triangle,!provider:triangle,,,,,,,,,,
openfort-enterprise,!provider:openfort-enterprise,,,,,,,,,,
openfort-growth,!provider:openfort-growth,,,,,,,,,,
openfort-starter,!provider:openfort-starter,,,,,,,,,,
openfort-scale,!provider:openfort-scale,,,,,,,,,,
openfort-pro,!provider:openfort-pro,,,,,,,,,,
